{
  "model": "google/paligemma-3b-mix-224",
  "l_inj": 24,
  "size": {
    "kstar": 13,
    "p_base": 0.4292922802269459,
    "ranks": [
      1,
      2,
      4,
      8,
      16,
      32,
      64,
      128
    ],
    "p_target": [
      0.4345584698021412,
      0.43588598258793354,
      0.42499545589089394,
      0.40142630133777857,
      0.4004542203620076,
      0.3853059196844697,
      0.38536277692765,
      0.38442494813352823
    ],
    "rep_closed": [
      0.21108870208263397,
      0.3406658172607422,
      0.7420340180397034,
      0.811608076095581,
      0.8115009069442749,
      0.8143156170845032,
      0.7934346199035645,
      0.780119001865387
    ],
    "id_kept": [
      0.6875,
      0.6875,
      0.5,
      0.375,
      0.375,
      0.4375,
      0.3125,
      0.25
    ],
    "caps_k": {
      "1": [
        "pig",
        "box",
        "O-ring.",
        "A turquoise sphere.",
        "O-ring.",
        "teapot"
      ],
      "128": [
        "Cartoon.",
        "unanswerable",
        "Circle.",
        "Ball.",
        "Circle.",
        "Teapot."
      ]
    }
  },
  "orientation": {
    "kstar": 54,
    "p_base": 0.7193353101611137,
    "ranks": [
      1,
      2,
      4,
      8,
      16,
      32,
      64,
      128
    ],
    "p_target": [
      0.7193932048976421,
      0.7198168225586414,
      0.718780055642128,
      0.7192259021103382,
      0.719927191734314,
      0.7209441587328911,
      0.7225849032402039,
      0.727514673024416
    ],
    "rep_closed": [
      0.44767704606056213,
      0.5088685154914856,
      0.5927150845527649,
      0.7191591858863831,
      0.7808192372322083,
      0.8355326652526855,
      1.0670377016067505,
      1.4824068546295166
    ],
    "id_kept": [
      0.5625,
      0.5,
      0.5,
      0.5,
      0.5,
      0.5,
      0.375,
      0.25
    ],
    "caps_k": {
      "1": [
        "tea kettle",
        "toy",
        "Cartoon.",
        "toy",
        "yellow",
        "Teapot."
      ],
      "128": [
        "teapot",
        "toy",
        "Cartoon.",
        "toy",
        "toy",
        "Teapot."
      ]
    }
  }
}