{
  "ranks": [
    1,
    2,
    3,
    5,
    8,
    13,
    21,
    34,
    55,
    89
  ],
  "l_inj": 11,
  "l_read": 12,
  "models": {
    "dinov2-base": {
      "size": {
        "kstar": 16,
        "closed": [
          0.2325737625360489,
          0.24627073109149933,
          0.2519594430923462,
          0.3802044093608856,
          0.38453033566474915,
          0.3981504738330841,
          0.38278236985206604,
          0.3608354926109314,
          0.26995593309402466,
          0.329902321100235
        ],
        "id_kept": [
          0.975,
          0.975,
          0.975,
          1.0,
          0.975,
          1.0,
          0.975,
          0.8,
          0.825,
          0.825
        ]
      },
      "orientation": {
        "kstar": 49,
        "closed": [
          0.11133480817079544,
          0.19320429861545563,
          0.18413956463336945,
          0.3118138015270233,
          0.20993874967098236,
          0.22045373916625977,
          0.3558385372161865,
          0.40457290410995483,
          0.9568389058113098,
          0.8466944694519043
        ],
        "id_kept": [
          1.0,
          1.0,
          1.0,
          1.0,
          1.0,
          1.0,
          1.0,
          1.0,
          1.0,
          1.0
        ]
      }
    },
    "clip-base": {
      "size": {
        "kstar": 15,
        "closed": [
          0.3342950940132141,
          0.4264051020145416,
          0.5600799322128296,
          0.5672095417976379,
          0.596747875213623,
          0.643810510635376,
          0.6297249794006348,
          0.6132961511611938,
          0.5975509285926819,
          0.560008704662323
        ],
        "id_kept": [
          1.0,
          1.0,
          1.0,
          1.0,
          1.0,
          1.0,
          1.0,
          1.0,
          1.0,
          0.95
        ]
      },
      "orientation": {
        "kstar": 65,
        "closed": [
          -0.027896521613001823,
          -0.05856432765722275,
          -0.050070621073246,
          0.020090803503990173,
          0.2637377083301544,
          0.29213809967041016,
          0.3532547950744629,
          0.6482083797454834,
          0.8229029178619385,
          1.716393232345581
        ],
        "id_kept": [
          1.0,
          1.0,
          1.0,
          1.0,
          1.0,
          1.0,
          1.0,
          1.0,
          1.0,
          0.975
        ]
      }
    },
    "siglip-base": {
      "size": {
        "kstar": 12,
        "closed": [
          0.17274293303489685,
          0.267684668302536,
          0.4014919400215149,
          0.6754671931266785,
          0.47866928577423096,
          0.48687979578971863,
          0.6042481660842896,
          0.7535864114761353,
          0.9308683276176453,
          1.0697942972183228
        ],
        "id_kept": [
          0.975,
          0.975,
          0.975,
          0.85,
          0.625,
          0.625,
          0.5,
          0.45,
          0.35,
          0.075
        ]
      },
      "orientation": {
        "kstar": 50,
        "closed": [
          0.008856641128659248,
          -0.029618289321660995,
          0.12258700281381607,
          -0.05602652207016945,
          0.057163938879966736,
          0.18262051045894623,
          0.030250033363699913,
          0.4362596571445465,
          1.3002922534942627,
          1.1006693840026855
        ],
        "id_kept": [
          0.925,
          0.925,
          0.925,
          0.925,
          0.925,
          0.925,
          0.925,
          0.575,
          0.65,
          0.4
        ]
      }
    }
  }
}